Name;Hersteller;Kat;Laenge;Aaaaaaaaaaaaaaaaaaaaaaaaaaaaaaaaaaaaaaaaaaaaaaaaaaaaaaaaaaaaaaaaaaaaaaaaaaaaaaaaaaaaaaaaaaaaaaaaaaaaaaaaaaaaaaaaaaaaaaaaaaaaaaaaaaaaaaaaaaaaaaaaaaaaaaaaaaaaaaaaaaaaaaaaaaaaaaaaaaaaaaaaaaaaaaaaaaaaaaaaaaaaaaaaaaaaaaaaaaaaaaaaaaaaaaaaaaaaaaaaa1;Aaaaaaaaaaaaaaaaaaaaaaaaaaaaaaaaaaaaaaaaaaaaaaaaaaaaaaaaaaaaaaaaaaaaaaaaaaaaaaaaaaaaaaaaaaaaaaaaaaaaaaaaaaaaaaaaaaa2;
Holztisch;Schreinerei Bla;Tische;2 m; test; test2
Lack;Ikea;Tische;80 cm
Lack;IKEA;Tische;
Lack;Ikea;Tische;50 cm
Lack;IKEA;Tische;
Lack;Ikea;Tische;80 cm
Lack;IKEA;Tische;
Lack;Ikea;Tische;80 cm
Lack;IKEA;Tische;
Lack;Ikea;Tische;80 cm
Lack;IKEA;Tische;
Lack;Ikea;Tische;80 cm
Lack;IKEA;Tische;
Lack;Ikea;Tische;40 cm
Lack;IKEA;Tische;
Lack;Ikea;Tische;80 cm
Lack;IKEA;Tische;
Lack;Ikea;Tische;80 cm
Lack;IKEA;Tische;
Lack;Ikea;Tische;80 cm
Lack;IKEA;Tische;
Lack;Ikea;Tische;80 cm
Lack;IKEA;Tische;
Lack;Ikea;Tische;80 cm
Lack;IKEA;Tische;
Lack;Ikea;Tische;80 cm
Lack;IKEA;Tische;
Lack;Ikea;Tische;80 cm
Lack;IKEA;Tische;
Lack;Ikea;Tische;80 cm
Lack;IKEA;Tische;
Lack;Ikea;Tische;50 cm
Lack;IKEA;Tische;
Lack;Ikea;Tische;80 cm
Lack;IKEA;Tische;50 cm
Lack;Ikea;Tische;80 cm
Lack;IKEA;Tische;
Lack;Ikea;Tische;80 cm
Lack;IKEA;Tische;
Lack;Ikea;Tische;80 cm
Lack;IKEA;Tische;
Lack;Ikea;Tische;80 cm
Lack;IKEA;Tische;
Lack;Ikea;Tische;80 cm
Lack;IKEA;Tische;
Lack;Ikea;Tische;80 cm
Lack;IKEA;Tische;
Lack;Ikea;Tische;80 cm
Lack;IKEA;Tische;
Lack;Ikea;Tische;80 cm
Lack;IKEA;Tische;
Lack;Ikea;Tische;80 cm
Lack;IKEA;Tische;
Lack;Ikea;Tische;80 cm
Lack;IKEA;Tische;
Lack;Ikea;Tische;80 cm
Lack;IKEA;Tische;
Lack;Ikea;Tische;80 cm
Lack;IKEA;Tische;
Lack;Ikea;Tische;80 cm
Lack;IKEA;Tische;
Lack;Ikea;Tische;80 cm
Lack;IKEA;Tische;
Lack;Ikea;Tische;80 cm
Lack;IKEA;Tische;
Lack;Ikea;Tische;80 cm
Lack;IKEA;Tische;
Lack;Ikea;Tische;80 cm
Lack;IKEA;Tische;
Lack;Ikea;Tische;80 cm
Lack;IKEA;Tische;
Lack;Ikea;Tische;80 cm
Lack;IKEA;Tische;
Lack;Ikea;Tische;80 cm
Lack;IKEA;Tische;
Lack;Ikea;Tische;80 cm
Lack;IKEA;Tische;
Lack;Ikea;Tische;80 cm
Lack;IKEA;Tische;
Lack;Ikea;Tische;80 cm
Lack;IKEA;Tische;
Lack;Ikea;Tische;80 cm
Lack;IKEA;Tische;
Lack;Ikea;Tische;80 cm
Lack;IKEA;Tische;
Lack;Ikea;Tische;80 cm
Lack;IKEA;Tische;
Lack;Ikea;Tische;80 cm
Lack;IKEA;Tische;
Lack;Ikea;Tische;80 cm
Lack;IKEA;Tische;
Lack;Ikea;Tische;80 cm
Lack;IKEA;Tische;
Lack;Ikea;Tische;80 cm
Lack;IKEA;Tische;
Lack;Ikea;Tische;80 cm
Lack;IKEA;Tische;
Lack;Ikea;Tische;80 cm
Lack;IKEA;Tische;
Lack;Ikea;Tische;80 cm
Lack;IKEA;Tische;
Lack;Ikea;Tische;80 cm
Lack;IKEA;Tische;
Lack;Ikea;Tische;80 cm
Lack;IKEA;Tische;
Lack;Ikea;Tische;80 cm
Lack;IKEA;Tische;
Lack;Ikea;Tische;80 cm
Lack;IKEA;Tische;
Lack;Ikea;Tische;80 cm
Lack;IKEA;Tische;
Lack;Ikea;Tische;80 cm
Lack;IKEA;Tische;
Lack;Ikea;Tische;80 cm
Lack;IKEA;Tische;
Lack;Ikea;Tische;80 cm
Lack;IKEA;Tische;
Lack;Ikea;Tische;80 cm
Lack;IKEA;Tische;
Lack;Ikea;Tische;80 cm
Lack;IKEA;Tische;
Lack;Ikea;Tische;80 cm
Lack;IKEA;Tische;
Lack;Ikea;Tische;80 cm
Lack;IKEA;Tische;
Lack;Ikea;Tische;80 cm
Lack;IKEA;Tische;
Lack;Ikea;Tische;80 cm
Lack;IKEA;Tische;
Lack;Ikea;Tische;80 cm
Lack;IKEA;Tische;
Lack;Ikea;Tische;80 cm
Lack;IKEA;Tische;
Lack;Ikea;Tische;80 cm
Lack;IKEA;Tische;
Lack;Ikea;Tische;80 cm
Lack;IKEA;Tische;
Lack;Ikea;Tische;80 cm
Lack;IKEA;Tische;
Lack;Ikea;Tische;80 cm
Lack;IKEA;Tische;
